"id","categoria","playlist","episodio","titulo","texto_thumbnail","descricao","comentario_fixado","hashtags","tags"
"como-instalar-studiosbook-android","Instalação","Instale o StudiosBook","1","Como instalar o StudiosBook no Android | Passo a passo","Instale no Android","Aprenda a instalar o StudiosBook no Android e acesse clientes, agenda e serviços diretamente pela tela inicial do celular.

👉 Comece agora e teste o StudiosBook grátis por 7 dias:
https://studiosbook.com.br

Neste tutorial você vai aprender:
- Acessar o StudiosBook pelo navegador
- Usar a opção de instalação do aplicativo
- Abrir o StudiosBook pela tela inicial

📌 Série: Instale o StudiosBook
Depois de instalar, continue pela playlist “Primeiros Passos no StudiosBook” para configurar seu negócio, serviços e horários.

Inscreva-se no canal e ative as notificações para acompanhar os próximos tutoriais.

StudiosBook — Seu talento em foco. Seu studio sob controle.

#StudiosBook #Android #AplicativoDeGestão","Você conseguiu instalar o StudiosBook na tela inicial do seu Android?

Conte nos comentários qual aparelho você utiliza. Sua dúvida pode virar um próximo tutorial.

👉 Instale e teste agora: https://studiosbook.com.br
São 7 dias gratuitos para organizar seu negócio na prática.","#StudiosBook, #Android, #AplicativoDeGestão","StudiosBook, tutorial StudiosBook, instalar StudiosBook, StudiosBook Android, aplicativo para salão, agenda para profissionais da beleza, instalar aplicativo Android"
"como-instalar-studiosbook-iphone","Instalação","Instale o StudiosBook","2","Como instalar o StudiosBook no iPhone | Tutorial completo","Instale no iPhone","Veja como instalar o StudiosBook no iPhone pelo Safari e tenha sua gestão sempre disponível na tela inicial.

👉 Comece agora e teste o StudiosBook grátis por 7 dias:
https://studiosbook.com.br

Neste tutorial você vai aprender:
- Abrir o site oficial pelo Safari
- Usar a opção Adicionar à Tela de Início
- Confirmar o ícone do StudiosBook no iPhone

📌 Série: Instale o StudiosBook
Depois de instalar, continue pela playlist “Primeiros Passos no StudiosBook” para configurar seu negócio, serviços e horários.

Inscreva-se no canal e ative as notificações para acompanhar os próximos tutoriais.

StudiosBook — Seu talento em foco. Seu studio sob controle.

#StudiosBook #iPhone #GestãoParaBeleza","O ícone do StudiosBook já está aparecendo na tela inicial do seu iPhone?

Conte nos comentários qual aparelho você utiliza. Sua dúvida pode virar um próximo tutorial.

👉 Instale e teste agora: https://studiosbook.com.br
São 7 dias gratuitos para organizar seu negócio na prática.","#StudiosBook, #iPhone, #GestãoParaBeleza","StudiosBook, tutorial StudiosBook, instalar StudiosBook iPhone, StudiosBook iOS, adicionar à tela de início, aplicativo para salão iPhone, agenda para iPhone"
"como-instalar-studiosbook-tablet","Instalação","Instale o StudiosBook","3","Como instalar o StudiosBook no tablet ou iPad","Instale no tablet","Instale o StudiosBook no tablet ou iPad e gerencie seu negócio com mais espaço para visualizar agenda, clientes e indicadores.

👉 Comece agora e teste o StudiosBook grátis por 7 dias:
https://studiosbook.com.br

Neste tutorial você vai aprender:
- Acessar o StudiosBook no navegador do tablet
- Instalar no Android ou adicionar à tela inicial no iPad
- Abrir e utilizar o sistema em uma tela maior

📌 Série: Instale o StudiosBook
Depois de instalar, continue pela playlist “Primeiros Passos no StudiosBook” para configurar seu negócio, serviços e horários.

Inscreva-se no canal e ative as notificações para acompanhar os próximos tutoriais.

StudiosBook — Seu talento em foco. Seu studio sob controle.

#StudiosBook #Tablet #GestãoDeSalão","Você pretende usar o StudiosBook no tablet durante os atendimentos ou na gestão do negócio?

Conte nos comentários qual aparelho você utiliza. Sua dúvida pode virar um próximo tutorial.

👉 Instale e teste agora: https://studiosbook.com.br
São 7 dias gratuitos para organizar seu negócio na prática.","#StudiosBook, #Tablet, #GestãoDeSalão","StudiosBook, tutorial StudiosBook, StudiosBook tablet, StudiosBook iPad, aplicativo para tablet, sistema para salão, agenda em tablet"
"como-cadastrar-novo-cliente","Clientes","Clientes que Voltam","1","Como cadastrar um cliente no StudiosBook | Passo a passo","Cadastre um cliente","Aprenda a cadastrar clientes no StudiosBook e mantenha todas as informações importantes organizadas desde o primeiro atendimento.

👉 Organize seu negócio e teste o StudiosBook grátis por 7 dias:
https://studiosbook.com.br

Neste tutorial você vai aprender:
- Criar uma nova ficha de cliente
- Preencher contato e observações importantes
- Salvar o cadastro com segurança

📌 Série: Clientes que Voltam
Continue assistindo aos tutoriais desta playlist para dominar o StudiosBook e transformar sua rotina em um processo mais organizado.

Inscreva-se no canal e ative as notificações para acompanhar os próximos tutoriais.

StudiosBook — Seu talento em foco. Seu studio sob controle.

#StudiosBook #GestãoDeClientes #ProfissionaisDaBeleza","Você já mantém todos os dados dos seus clientes em um único lugar?

Conte sua experiência nos comentários. Sua dúvida também pode virar um próximo tutorial.

👉 Aplique agora no seu negócio: https://studiosbook.com.br
Teste grátis por 7 dias e continue pela playlist “Clientes que Voltam”.","#StudiosBook, #GestãoDeClientes, #ProfissionaisDaBeleza","StudiosBook, tutorial StudiosBook, cadastro de clientes, gestão de clientes, ficha de cliente, crm para salão, software para beleza"
"como-editar-dados-cliente","Clientes","Clientes que Voltam","2","Como editar dados de um cliente no StudiosBook","Edite um cliente","Veja como atualizar os dados de um cliente no StudiosBook sem perder o histórico dos atendimentos.

👉 Organize seu negócio e teste o StudiosBook grátis por 7 dias:
https://studiosbook.com.br

Neste tutorial você vai aprender:
- Localizar a ficha correta
- Atualizar telefone e informações do cliente
- Confirmar as alterações realizadas

📌 Série: Clientes que Voltam
Continue assistindo aos tutoriais desta playlist para dominar o StudiosBook e transformar sua rotina em um processo mais organizado.

Inscreva-se no canal e ative as notificações para acompanhar os próximos tutoriais.

StudiosBook — Seu talento em foco. Seu studio sob controle.

#StudiosBook #GestãoDeClientes #ProfissionaisDaBeleza","Qual informação dos seus clientes você mais precisa atualizar no dia a dia?

Conte sua experiência nos comentários. Sua dúvida também pode virar um próximo tutorial.

👉 Aplique agora no seu negócio: https://studiosbook.com.br
Teste grátis por 7 dias e continue pela playlist “Clientes que Voltam”.","#StudiosBook, #GestãoDeClientes, #ProfissionaisDaBeleza","StudiosBook, tutorial StudiosBook, cadastro de clientes, gestão de clientes, ficha de cliente, crm para salão, software para beleza"
"como-consultar-historico-cliente","Clientes","Clientes que Voltam","3","Como consultar o histórico de um cliente | StudiosBook","Histórico do cliente","Consulte o histórico completo do cliente e use informações reais para oferecer um atendimento mais personalizado.

👉 Organize seu negócio e teste o StudiosBook grátis por 7 dias:
https://studiosbook.com.br

Neste tutorial você vai aprender:
- Acessar atendimentos anteriores
- Consultar serviços e valores registrados
- Identificar o melhor momento para o retorno

📌 Série: Clientes que Voltam
Continue assistindo aos tutoriais desta playlist para dominar o StudiosBook e transformar sua rotina em um processo mais organizado.

Inscreva-se no canal e ative as notificações para acompanhar os próximos tutoriais.

StudiosBook — Seu talento em foco. Seu studio sob controle.

#StudiosBook #GestãoDeClientes #ProfissionaisDaBeleza","Você costuma consultar o histórico antes de receber uma cliente novamente?

Conte sua experiência nos comentários. Sua dúvida também pode virar um próximo tutorial.

👉 Aplique agora no seu negócio: https://studiosbook.com.br
Teste grátis por 7 dias e continue pela playlist “Clientes que Voltam”.","#StudiosBook, #GestãoDeClientes, #ProfissionaisDaBeleza","StudiosBook, tutorial StudiosBook, cadastro de clientes, gestão de clientes, ficha de cliente, crm para salão, software para beleza"
"como-excluir-cliente","Clientes","Clientes que Voltam","4","Como excluir um cliente com segurança | StudiosBook","Exclua um cliente","Aprenda a remover um cadastro de cliente com confirmação e mantenha sua base organizada.

👉 Organize seu negócio e teste o StudiosBook grátis por 7 dias:
https://studiosbook.com.br

Neste tutorial você vai aprender:
- Encontrar o cadastro que será removido
- Revisar os dados antes da exclusão
- Confirmar a ação com segurança

📌 Série: Clientes que Voltam
Continue assistindo aos tutoriais desta playlist para dominar o StudiosBook e transformar sua rotina em um processo mais organizado.

Inscreva-se no canal e ative as notificações para acompanhar os próximos tutoriais.

StudiosBook — Seu talento em foco. Seu studio sob controle.

#StudiosBook #GestãoDeClientes #ProfissionaisDaBeleza","Sua lista de clientes possui cadastros duplicados ou desatualizados?

Conte sua experiência nos comentários. Sua dúvida também pode virar um próximo tutorial.

👉 Aplique agora no seu negócio: https://studiosbook.com.br
Teste grátis por 7 dias e continue pela playlist “Clientes que Voltam”.","#StudiosBook, #GestãoDeClientes, #ProfissionaisDaBeleza","StudiosBook, tutorial StudiosBook, cadastro de clientes, gestão de clientes, ficha de cliente, crm para salão, software para beleza"
"como-encontrar-cliente","Clientes","Clientes que Voltam","5","Como encontrar clientes rapidamente | StudiosBook","Encontre clientes","Encontre qualquer cliente em poucos segundos e ganhe agilidade antes, durante e depois do atendimento.

👉 Organize seu negócio e teste o StudiosBook grátis por 7 dias:
https://studiosbook.com.br

Neste tutorial você vai aprender:
- Usar a busca de clientes
- Localizar por nome ou contato
- Abrir rapidamente a ficha completa

📌 Série: Clientes que Voltam
Continue assistindo aos tutoriais desta playlist para dominar o StudiosBook e transformar sua rotina em um processo mais organizado.

Inscreva-se no canal e ative as notificações para acompanhar os próximos tutoriais.

StudiosBook — Seu talento em foco. Seu studio sob controle.

#StudiosBook #GestãoDeClientes #ProfissionaisDaBeleza","Quanto tempo você perde hoje procurando informações de clientes?

Conte sua experiência nos comentários. Sua dúvida também pode virar um próximo tutorial.

👉 Aplique agora no seu negócio: https://studiosbook.com.br
Teste grátis por 7 dias e continue pela playlist “Clientes que Voltam”.","#StudiosBook, #GestãoDeClientes, #ProfissionaisDaBeleza","StudiosBook, tutorial StudiosBook, cadastro de clientes, gestão de clientes, ficha de cliente, crm para salão, software para beleza"
"como-agendar-horario","Agendamentos","Domine sua Agenda","1","Como agendar um horário no StudiosBook | Tutorial completo","Agende um horário","Aprenda a agendar um horário no StudiosBook e organize cliente, serviço, data e horário em um único fluxo.

👉 Organize seu negócio e teste o StudiosBook grátis por 7 dias:
https://studiosbook.com.br

Neste tutorial você vai aprender:
- Escolher o cliente e o serviço
- Definir data e horário
- Salvar o agendamento na agenda

📌 Série: Domine sua Agenda
Continue assistindo aos tutoriais desta playlist para dominar o StudiosBook e transformar sua rotina em um processo mais organizado.

Inscreva-se no canal e ative as notificações para acompanhar os próximos tutoriais.

StudiosBook — Seu talento em foco. Seu studio sob controle.

#StudiosBook #AgendaOnline #GestãoDeAgenda","Qual parte do agendamento mais consome seu tempo atualmente?

Conte sua experiência nos comentários. Sua dúvida também pode virar um próximo tutorial.

👉 Aplique agora no seu negócio: https://studiosbook.com.br
Teste grátis por 7 dias e continue pela playlist “Domine sua Agenda”.","#StudiosBook, #AgendaOnline, #GestãoDeAgenda","StudiosBook, tutorial StudiosBook, agenda para salão, agenda para lash designer, agendamento online, agenda profissional, gestão de horários"
"como-reagendar-atendimento","Agendamentos","Domine sua Agenda","2","Como reagendar um atendimento sem perder informações","Reagende um horário","Reagende atendimentos no StudiosBook sem apagar ou recriar todas as informações do horário anterior.

👉 Organize seu negócio e teste o StudiosBook grátis por 7 dias:
https://studiosbook.com.br

Neste tutorial você vai aprender:
- Abrir o agendamento existente
- Alterar data ou horário
- Confirmar a nova organização da agenda

📌 Série: Domine sua Agenda
Continue assistindo aos tutoriais desta playlist para dominar o StudiosBook e transformar sua rotina em um processo mais organizado.

Inscreva-se no canal e ative as notificações para acompanhar os próximos tutoriais.

StudiosBook — Seu talento em foco. Seu studio sob controle.

#StudiosBook #AgendaOnline #GestãoDeAgenda","Reagendamentos costumam desorganizar sua rotina?

Conte sua experiência nos comentários. Sua dúvida também pode virar um próximo tutorial.

👉 Aplique agora no seu negócio: https://studiosbook.com.br
Teste grátis por 7 dias e continue pela playlist “Domine sua Agenda”.","#StudiosBook, #AgendaOnline, #GestãoDeAgenda","StudiosBook, tutorial StudiosBook, agenda para salão, agenda para lash designer, agendamento online, agenda profissional, gestão de horários"
"como-cancelar-agendamento","Agendamentos","Domine sua Agenda","3","Como cancelar um agendamento no StudiosBook","Cancele um horário","Veja como cancelar um horário corretamente e mantenha a agenda atualizada para novos atendimentos.

👉 Organize seu negócio e teste o StudiosBook grátis por 7 dias:
https://studiosbook.com.br

Neste tutorial você vai aprender:
- Localizar o compromisso
- Registrar o cancelamento
- Liberar o horário na agenda

📌 Série: Domine sua Agenda
Continue assistindo aos tutoriais desta playlist para dominar o StudiosBook e transformar sua rotina em um processo mais organizado.

Inscreva-se no canal e ative as notificações para acompanhar os próximos tutoriais.

StudiosBook — Seu talento em foco. Seu studio sob controle.

#StudiosBook #AgendaOnline #GestãoDeAgenda","Você registra os cancelamentos ou apenas apaga as conversas do WhatsApp?

Conte sua experiência nos comentários. Sua dúvida também pode virar um próximo tutorial.

👉 Aplique agora no seu negócio: https://studiosbook.com.br
Teste grátis por 7 dias e continue pela playlist “Domine sua Agenda”.","#StudiosBook, #AgendaOnline, #GestãoDeAgenda","StudiosBook, tutorial StudiosBook, agenda para salão, agenda para lash designer, agendamento online, agenda profissional, gestão de horários"
"como-confirmar-horario","Agendamentos","Domine sua Agenda","4","Como confirmar um atendimento e reduzir faltas","Confirme o atendimento","Confirme os atendimentos no StudiosBook e tenha uma visão mais clara dos horários realmente garantidos.

👉 Organize seu negócio e teste o StudiosBook grátis por 7 dias:
https://studiosbook.com.br

Neste tutorial você vai aprender:
- Identificar horários pendentes
- Atualizar o status do atendimento
- Acompanhar confirmações na agenda

📌 Série: Domine sua Agenda
Continue assistindo aos tutoriais desta playlist para dominar o StudiosBook e transformar sua rotina em um processo mais organizado.

Inscreva-se no canal e ative as notificações para acompanhar os próximos tutoriais.

StudiosBook — Seu talento em foco. Seu studio sob controle.

#StudiosBook #AgendaOnline #GestãoDeAgenda","Quantas faltas poderiam ser evitadas com uma rotina de confirmação?

Conte sua experiência nos comentários. Sua dúvida também pode virar um próximo tutorial.

👉 Aplique agora no seu negócio: https://studiosbook.com.br
Teste grátis por 7 dias e continue pela playlist “Domine sua Agenda”.","#StudiosBook, #AgendaOnline, #GestãoDeAgenda","StudiosBook, tutorial StudiosBook, agenda para salão, agenda para lash designer, agendamento online, agenda profissional, gestão de horários"
"como-visualizar-agenda","Agendamentos","Domine sua Agenda","5","Como visualizar e organizar sua agenda no StudiosBook","Visualize sua agenda","Tenha uma visão clara dos compromissos do dia e encontre rapidamente horários livres no StudiosBook.

👉 Organize seu negócio e teste o StudiosBook grátis por 7 dias:
https://studiosbook.com.br

Neste tutorial você vai aprender:
- Navegar pelos dias da agenda
- Visualizar horários ocupados
- Identificar espaços disponíveis

📌 Série: Domine sua Agenda
Continue assistindo aos tutoriais desta playlist para dominar o StudiosBook e transformar sua rotina em um processo mais organizado.

Inscreva-se no canal e ative as notificações para acompanhar os próximos tutoriais.

StudiosBook — Seu talento em foco. Seu studio sob controle.

#StudiosBook #AgendaOnline #GestãoDeAgenda","Você prefere organizar sua agenda por dia, semana ou mês?

Conte sua experiência nos comentários. Sua dúvida também pode virar um próximo tutorial.

👉 Aplique agora no seu negócio: https://studiosbook.com.br
Teste grátis por 7 dias e continue pela playlist “Domine sua Agenda”.","#StudiosBook, #AgendaOnline, #GestãoDeAgenda","StudiosBook, tutorial StudiosBook, agenda para salão, agenda para lash designer, agendamento online, agenda profissional, gestão de horários"
"como-bloquear-horario","Agendamentos","Domine sua Agenda","6","Como bloquear um horário na agenda | StudiosBook","Bloqueie um horário","Bloqueie pausas, folgas e compromissos pessoais para evitar agendamentos em horários indisponíveis.

👉 Organize seu negócio e teste o StudiosBook grátis por 7 dias:
https://studiosbook.com.br

Neste tutorial você vai aprender:
- Escolher a data do bloqueio
- Definir o período indisponível
- Manter o bloqueio visível na agenda

📌 Série: Domine sua Agenda
Continue assistindo aos tutoriais desta playlist para dominar o StudiosBook e transformar sua rotina em um processo mais organizado.

Inscreva-se no canal e ative as notificações para acompanhar os próximos tutoriais.

StudiosBook — Seu talento em foco. Seu studio sob controle.

#StudiosBook #AgendaOnline #GestãoDeAgenda","Você reserva pausas na agenda ou percebe que trabalha sem intervalo?

Conte sua experiência nos comentários. Sua dúvida também pode virar um próximo tutorial.

👉 Aplique agora no seu negócio: https://studiosbook.com.br
Teste grátis por 7 dias e continue pela playlist “Domine sua Agenda”.","#StudiosBook, #AgendaOnline, #GestãoDeAgenda","StudiosBook, tutorial StudiosBook, agenda para salão, agenda para lash designer, agendamento online, agenda profissional, gestão de horários"
"como-cadastrar-encaixe","Agendamentos","Domine sua Agenda","7","Como adicionar um encaixe na agenda | StudiosBook","Adicione um encaixe","Adicione um encaixe sem perder o controle dos outros horários e mantenha o dia organizado.

👉 Organize seu negócio e teste o StudiosBook grátis por 7 dias:
https://studiosbook.com.br

Neste tutorial você vai aprender:
- Escolher o melhor espaço disponível
- Cadastrar os dados do encaixe
- Revisar o impacto na agenda

📌 Série: Domine sua Agenda
Continue assistindo aos tutoriais desta playlist para dominar o StudiosBook e transformar sua rotina em um processo mais organizado.

Inscreva-se no canal e ative as notificações para acompanhar os próximos tutoriais.

StudiosBook — Seu talento em foco. Seu studio sob controle.

#StudiosBook #AgendaOnline #GestãoDeAgenda","Os encaixes ajudam seu faturamento ou acabam atrasando todo o dia?

Conte sua experiência nos comentários. Sua dúvida também pode virar um próximo tutorial.

👉 Aplique agora no seu negócio: https://studiosbook.com.br
Teste grátis por 7 dias e continue pela playlist “Domine sua Agenda”.","#StudiosBook, #AgendaOnline, #GestãoDeAgenda","StudiosBook, tutorial StudiosBook, agenda para salão, agenda para lash designer, agendamento online, agenda profissional, gestão de horários"
"como-verificar-horarios-disponiveis","Agendamentos","Domine sua Agenda","8","Como encontrar horários disponíveis rapidamente","Horários disponíveis","Responda clientes com mais agilidade encontrando horários disponíveis diretamente na agenda do StudiosBook.

👉 Organize seu negócio e teste o StudiosBook grátis por 7 dias:
https://studiosbook.com.br

Neste tutorial você vai aprender:
- Consultar a disponibilidade
- Comparar dias e horários
- Escolher a melhor opção para o cliente

📌 Série: Domine sua Agenda
Continue assistindo aos tutoriais desta playlist para dominar o StudiosBook e transformar sua rotina em um processo mais organizado.

Inscreva-se no canal e ative as notificações para acompanhar os próximos tutoriais.

StudiosBook — Seu talento em foco. Seu studio sob controle.

#StudiosBook #AgendaOnline #GestãoDeAgenda","Quanto tempo você leva para responder quando uma cliente pergunta por horários?

Conte sua experiência nos comentários. Sua dúvida também pode virar um próximo tutorial.

👉 Aplique agora no seu negócio: https://studiosbook.com.br
Teste grátis por 7 dias e continue pela playlist “Domine sua Agenda”.","#StudiosBook, #AgendaOnline, #GestãoDeAgenda","StudiosBook, tutorial StudiosBook, agenda para salão, agenda para lash designer, agendamento online, agenda profissional, gestão de horários"
"como-adicionar-novo-servico","Serviços","Catálogo Organizado","1","Como adicionar um serviço ao catálogo | StudiosBook","Adicione um serviço","Cadastre um novo serviço com nome, preço, categoria e duração para manter seu catálogo profissional.

👉 Organize seu negócio e teste o StudiosBook grátis por 7 dias:
https://studiosbook.com.br

Neste tutorial você vai aprender:
- Criar um novo serviço
- Definir categoria e descrição
- Informar preço e duração

📌 Série: Catálogo Organizado
Continue assistindo aos tutoriais desta playlist para dominar o StudiosBook e transformar sua rotina em um processo mais organizado.

Inscreva-se no canal e ative as notificações para acompanhar os próximos tutoriais.

StudiosBook — Seu talento em foco. Seu studio sob controle.

#StudiosBook #GestãoDeServiços #NegócioDaBeleza","Seu catálogo já apresenta todos os serviços que você oferece hoje?

Conte sua experiência nos comentários. Sua dúvida também pode virar um próximo tutorial.

👉 Aplique agora no seu negócio: https://studiosbook.com.br
Teste grátis por 7 dias e continue pela playlist “Catálogo Organizado”.","#StudiosBook, #GestãoDeServiços, #NegócioDaBeleza","StudiosBook, tutorial StudiosBook, catálogo de serviços, preço de serviço, serviços de beleza, gestão de salão, sistema para studio"
"como-editar-servico","Serviços","Catálogo Organizado","2","Como editar um serviço no StudiosBook","Edite um serviço","Atualize preços, nomes e duração dos serviços sem precisar recriar seu catálogo.

👉 Organize seu negócio e teste o StudiosBook grátis por 7 dias:
https://studiosbook.com.br

Neste tutorial você vai aprender:
- Localizar o serviço
- Alterar as informações necessárias
- Salvar o catálogo atualizado

📌 Série: Catálogo Organizado
Continue assistindo aos tutoriais desta playlist para dominar o StudiosBook e transformar sua rotina em um processo mais organizado.

Inscreva-se no canal e ative as notificações para acompanhar os próximos tutoriais.

StudiosBook — Seu talento em foco. Seu studio sob controle.

#StudiosBook #GestãoDeServiços #NegócioDaBeleza","Qual serviço do seu catálogo precisa ser atualizado agora?

Conte sua experiência nos comentários. Sua dúvida também pode virar um próximo tutorial.

👉 Aplique agora no seu negócio: https://studiosbook.com.br
Teste grátis por 7 dias e continue pela playlist “Catálogo Organizado”.","#StudiosBook, #GestãoDeServiços, #NegócioDaBeleza","StudiosBook, tutorial StudiosBook, catálogo de serviços, preço de serviço, serviços de beleza, gestão de salão, sistema para studio"
"como-excluir-servico","Serviços","Catálogo Organizado","3","Como excluir um serviço do catálogo com segurança","Exclua um serviço","Remova serviços antigos ou que não são mais oferecidos e deixe seu catálogo mais simples para consultar.

👉 Organize seu negócio e teste o StudiosBook grátis por 7 dias:
https://studiosbook.com.br

Neste tutorial você vai aprender:
- Encontrar o serviço inativo
- Revisar antes de excluir
- Confirmar a remoção do catálogo

📌 Série: Catálogo Organizado
Continue assistindo aos tutoriais desta playlist para dominar o StudiosBook e transformar sua rotina em um processo mais organizado.

Inscreva-se no canal e ative as notificações para acompanhar os próximos tutoriais.

StudiosBook — Seu talento em foco. Seu studio sob controle.

#StudiosBook #GestãoDeServiços #NegócioDaBeleza","Existem serviços no seu catálogo que você não oferece mais?

Conte sua experiência nos comentários. Sua dúvida também pode virar um próximo tutorial.

👉 Aplique agora no seu negócio: https://studiosbook.com.br
Teste grátis por 7 dias e continue pela playlist “Catálogo Organizado”.","#StudiosBook, #GestãoDeServiços, #NegócioDaBeleza","StudiosBook, tutorial StudiosBook, catálogo de serviços, preço de serviço, serviços de beleza, gestão de salão, sistema para studio"
"como-definir-valor-servico","Serviços","Catálogo Organizado","4","Como definir o preço de um serviço | StudiosBook","Defina o valor","Registre o valor correto de cada serviço e evite dúvidas no momento de cobrar ou analisar o faturamento.

👉 Organize seu negócio e teste o StudiosBook grátis por 7 dias:
https://studiosbook.com.br

Neste tutorial você vai aprender:
- Acessar o cadastro do serviço
- Definir ou atualizar o preço
- Confirmar o valor no catálogo

📌 Série: Catálogo Organizado
Continue assistindo aos tutoriais desta playlist para dominar o StudiosBook e transformar sua rotina em um processo mais organizado.

Inscreva-se no canal e ative as notificações para acompanhar os próximos tutoriais.

StudiosBook — Seu talento em foco. Seu studio sob controle.

#StudiosBook #GestãoDeServiços #NegócioDaBeleza","Você revisa os preços dos seus serviços com que frequência?

Conte sua experiência nos comentários. Sua dúvida também pode virar um próximo tutorial.

👉 Aplique agora no seu negócio: https://studiosbook.com.br
Teste grátis por 7 dias e continue pela playlist “Catálogo Organizado”.","#StudiosBook, #GestãoDeServiços, #NegócioDaBeleza","StudiosBook, tutorial StudiosBook, catálogo de serviços, preço de serviço, serviços de beleza, gestão de salão, sistema para studio"
"como-configurar-duracao-atendimento","Serviços","Catálogo Organizado","5","Como configurar a duração de um atendimento","Defina a duração","Defina a duração real de cada serviço para criar uma agenda mais precisa e reduzir atrasos.

👉 Organize seu negócio e teste o StudiosBook grátis por 7 dias:
https://studiosbook.com.br

Neste tutorial você vai aprender:
- Avaliar o tempo necessário
- Registrar a duração do serviço
- Usar o tempo correto nos agendamentos

📌 Série: Catálogo Organizado
Continue assistindo aos tutoriais desta playlist para dominar o StudiosBook e transformar sua rotina em um processo mais organizado.

Inscreva-se no canal e ative as notificações para acompanhar os próximos tutoriais.

StudiosBook — Seu talento em foco. Seu studio sob controle.

#StudiosBook #GestãoDeServiços #NegócioDaBeleza","Qual serviço mais costuma ultrapassar o tempo previsto?

Conte sua experiência nos comentários. Sua dúvida também pode virar um próximo tutorial.

👉 Aplique agora no seu negócio: https://studiosbook.com.br
Teste grátis por 7 dias e continue pela playlist “Catálogo Organizado”.","#StudiosBook, #GestãoDeServiços, #NegócioDaBeleza","StudiosBook, tutorial StudiosBook, catálogo de serviços, preço de serviço, serviços de beleza, gestão de salão, sistema para studio"
"como-organizar-servicos-categoria","Serviços","Catálogo Organizado","6","Como organizar serviços por categoria | StudiosBook","Organize os serviços","Separe seus serviços por categoria e deixe o catálogo mais rápido de editar, consultar e utilizar.

👉 Organize seu negócio e teste o StudiosBook grátis por 7 dias:
https://studiosbook.com.br

Neste tutorial você vai aprender:
- Criar uma organização lógica
- Vincular cada serviço à categoria correta
- Revisar a lista ativa

📌 Série: Catálogo Organizado
Continue assistindo aos tutoriais desta playlist para dominar o StudiosBook e transformar sua rotina em um processo mais organizado.

Inscreva-se no canal e ative as notificações para acompanhar os próximos tutoriais.

StudiosBook — Seu talento em foco. Seu studio sob controle.

#StudiosBook #GestãoDeServiços #NegócioDaBeleza","Seu catálogo está organizado de uma forma que qualquer pessoa entende?

Conte sua experiência nos comentários. Sua dúvida também pode virar um próximo tutorial.

👉 Aplique agora no seu negócio: https://studiosbook.com.br
Teste grátis por 7 dias e continue pela playlist “Catálogo Organizado”.","#StudiosBook, #GestãoDeServiços, #NegócioDaBeleza","StudiosBook, tutorial StudiosBook, catálogo de serviços, preço de serviço, serviços de beleza, gestão de salão, sistema para studio"
"como-cadastrar-profissional","Profissionais e equipe","Gestão de Equipe","1","Como cadastrar sua equipe no StudiosBook","Cadastre sua equipe","Cadastre profissionais no StudiosBook e comece a organizar responsabilidades, serviços e horários da equipe.

👉 Organize seu negócio e teste o StudiosBook grátis por 7 dias:
https://studiosbook.com.br

Neste tutorial você vai aprender:
- Criar o perfil do profissional
- Adicionar informações de trabalho
- Preparar a configuração da agenda

📌 Série: Gestão de Equipe
Continue assistindo aos tutoriais desta playlist para dominar o StudiosBook e transformar sua rotina em um processo mais organizado.

Inscreva-se no canal e ative as notificações para acompanhar os próximos tutoriais.

StudiosBook — Seu talento em foco. Seu studio sob controle.

#StudiosBook #GestãoDeEquipe #SalãoDeBeleza","Quantas pessoas precisam compartilhar a organização do seu negócio?

Conte sua experiência nos comentários. Sua dúvida também pode virar um próximo tutorial.

👉 Aplique agora no seu negócio: https://studiosbook.com.br
Teste grátis por 7 dias e continue pela playlist “Gestão de Equipe”.","#StudiosBook, #GestãoDeEquipe, #SalãoDeBeleza","StudiosBook, tutorial StudiosBook, gestão de equipe, agenda de profissionais, equipe de salão, gestão de studio, software para salão"
"como-editar-profissional","Profissionais e equipe","Gestão de Equipe","2","Como editar os dados de um profissional","Edite um profissional","Mantenha as informações da equipe atualizadas para evitar conflitos de agenda e serviços.

👉 Organize seu negócio e teste o StudiosBook grátis por 7 dias:
https://studiosbook.com.br

Neste tutorial você vai aprender:
- Localizar o profissional
- Atualizar dados e disponibilidade
- Salvar as alterações

📌 Série: Gestão de Equipe
Continue assistindo aos tutoriais desta playlist para dominar o StudiosBook e transformar sua rotina em um processo mais organizado.

Inscreva-se no canal e ative as notificações para acompanhar os próximos tutoriais.

StudiosBook — Seu talento em foco. Seu studio sob controle.

#StudiosBook #GestãoDeEquipe #SalãoDeBeleza","As informações da sua equipe estão atualizadas hoje?

Conte sua experiência nos comentários. Sua dúvida também pode virar um próximo tutorial.

👉 Aplique agora no seu negócio: https://studiosbook.com.br
Teste grátis por 7 dias e continue pela playlist “Gestão de Equipe”.","#StudiosBook, #GestãoDeEquipe, #SalãoDeBeleza","StudiosBook, tutorial StudiosBook, gestão de equipe, agenda de profissionais, equipe de salão, gestão de studio, software para salão"
"como-definir-horarios-profissional","Profissionais e equipe","Gestão de Equipe","3","Como definir horários de atendimento da equipe","Defina os horários","Configure a disponibilidade de cada profissional e tenha uma agenda mais previsível para toda a equipe.

👉 Organize seu negócio e teste o StudiosBook grátis por 7 dias:
https://studiosbook.com.br

Neste tutorial você vai aprender:
- Definir dias de trabalho
- Configurar horários de atendimento
- Revisar a disponibilidade final

📌 Série: Gestão de Equipe
Continue assistindo aos tutoriais desta playlist para dominar o StudiosBook e transformar sua rotina em um processo mais organizado.

Inscreva-se no canal e ative as notificações para acompanhar os próximos tutoriais.

StudiosBook — Seu talento em foco. Seu studio sob controle.

#StudiosBook #GestãoDeEquipe #SalãoDeBeleza","Sua equipe possui horários fixos ou uma rotina variável?

Conte sua experiência nos comentários. Sua dúvida também pode virar um próximo tutorial.

👉 Aplique agora no seu negócio: https://studiosbook.com.br
Teste grátis por 7 dias e continue pela playlist “Gestão de Equipe”.","#StudiosBook, #GestãoDeEquipe, #SalãoDeBeleza","StudiosBook, tutorial StudiosBook, gestão de equipe, agenda de profissionais, equipe de salão, gestão de studio, software para salão"
"como-vincular-servicos-profissional","Profissionais e equipe","Gestão de Equipe","4","Como vincular serviços a cada profissional","Vincule os serviços","Defina quais serviços cada profissional realiza e evite agendamentos incompatíveis com a equipe.

👉 Organize seu negócio e teste o StudiosBook grátis por 7 dias:
https://studiosbook.com.br

Neste tutorial você vai aprender:
- Selecionar o profissional
- Escolher os serviços realizados
- Confirmar os vínculos

📌 Série: Gestão de Equipe
Continue assistindo aos tutoriais desta playlist para dominar o StudiosBook e transformar sua rotina em um processo mais organizado.

Inscreva-se no canal e ative as notificações para acompanhar os próximos tutoriais.

StudiosBook — Seu talento em foco. Seu studio sob controle.

#StudiosBook #GestãoDeEquipe #SalãoDeBeleza","Todos os profissionais da sua equipe realizam os mesmos serviços?

Conte sua experiência nos comentários. Sua dúvida também pode virar um próximo tutorial.

👉 Aplique agora no seu negócio: https://studiosbook.com.br
Teste grátis por 7 dias e continue pela playlist “Gestão de Equipe”.","#StudiosBook, #GestãoDeEquipe, #SalãoDeBeleza","StudiosBook, tutorial StudiosBook, gestão de equipe, agenda de profissionais, equipe de salão, gestão de studio, software para salão"
"como-acompanhar-agenda-equipe","Profissionais e equipe","Gestão de Equipe","5","Como acompanhar a agenda da equipe | StudiosBook","Agenda da equipe","Visualize os compromissos da equipe e encontre rapidamente quem está disponível para atender.

👉 Organize seu negócio e teste o StudiosBook grátis por 7 dias:
https://studiosbook.com.br

Neste tutorial você vai aprender:
- Consultar os horários por profissional
- Identificar conflitos
- Distribuir atendimentos com mais clareza

📌 Série: Gestão de Equipe
Continue assistindo aos tutoriais desta playlist para dominar o StudiosBook e transformar sua rotina em um processo mais organizado.

Inscreva-se no canal e ative as notificações para acompanhar os próximos tutoriais.

StudiosBook — Seu talento em foco. Seu studio sob controle.

#StudiosBook #GestãoDeEquipe #SalãoDeBeleza","Você consegue visualizar a disponibilidade de toda a equipe em poucos segundos?

Conte sua experiência nos comentários. Sua dúvida também pode virar um próximo tutorial.

👉 Aplique agora no seu negócio: https://studiosbook.com.br
Teste grátis por 7 dias e continue pela playlist “Gestão de Equipe”.","#StudiosBook, #GestãoDeEquipe, #SalãoDeBeleza","StudiosBook, tutorial StudiosBook, gestão de equipe, agenda de profissionais, equipe de salão, gestão de studio, software para salão"
"como-configurar-perfil-negocio","Configurações","Primeiros Passos no StudiosBook","1","Como configurar o perfil do seu negócio | StudiosBook","Configure seu negócio","Configure as informações principais do seu negócio e deixe o StudiosBook preparado para sua operação.

👉 Organize seu negócio e teste o StudiosBook grátis por 7 dias:
https://studiosbook.com.br

Neste tutorial você vai aprender:
- Informar o nome do negócio
- Preencher contato e endereço
- Salvar a configuração inicial

📌 Série: Primeiros Passos no StudiosBook
Continue assistindo aos tutoriais desta playlist para dominar o StudiosBook e transformar sua rotina em um processo mais organizado.

Inscreva-se no canal e ative as notificações para acompanhar os próximos tutoriais.

StudiosBook — Seu talento em foco. Seu studio sob controle.

#StudiosBook #TutorialStudiosBook #GestãoProfissional","Seu perfil já representa corretamente o seu negócio?

Conte sua experiência nos comentários. Sua dúvida também pode virar um próximo tutorial.

👉 Aplique agora no seu negócio: https://studiosbook.com.br
Teste grátis por 7 dias e continue pela playlist “Primeiros Passos no StudiosBook”.","#StudiosBook, #TutorialStudiosBook, #GestãoProfissional","StudiosBook, tutorial StudiosBook, configurar StudiosBook, sistema de gestão, aplicativo para salão, segurança de conta, gestão profissional"
"como-adicionar-logotipo","Configurações","Primeiros Passos no StudiosBook","2","Como adicionar o logotipo da empresa no StudiosBook","Adicione seu logotipo","Adicione o logotipo do seu negócio e fortaleça sua identidade dentro do StudiosBook.

👉 Organize seu negócio e teste o StudiosBook grátis por 7 dias:
https://studiosbook.com.br

Neste tutorial você vai aprender:
- Preparar o arquivo da marca
- Enviar o logotipo
- Confirmar a aplicação no perfil

📌 Série: Primeiros Passos no StudiosBook
Continue assistindo aos tutoriais desta playlist para dominar o StudiosBook e transformar sua rotina em um processo mais organizado.

Inscreva-se no canal e ative as notificações para acompanhar os próximos tutoriais.

StudiosBook — Seu talento em foco. Seu studio sob controle.

#StudiosBook #TutorialStudiosBook #GestãoProfissional","Seu negócio já possui um logotipo profissional?

Conte sua experiência nos comentários. Sua dúvida também pode virar um próximo tutorial.

👉 Aplique agora no seu negócio: https://studiosbook.com.br
Teste grátis por 7 dias e continue pela playlist “Primeiros Passos no StudiosBook”.","#StudiosBook, #TutorialStudiosBook, #GestãoProfissional","StudiosBook, tutorial StudiosBook, configurar StudiosBook, sistema de gestão, aplicativo para salão, segurança de conta, gestão profissional"
"como-alterar-telefone-endereco","Configurações","Primeiros Passos no StudiosBook","3","Como atualizar telefone e endereço do seu negócio","Atualize seus dados","Mantenha telefone e endereço atualizados para que as informações do seu negócio permaneçam corretas.

👉 Organize seu negócio e teste o StudiosBook grátis por 7 dias:
https://studiosbook.com.br

Neste tutorial você vai aprender:
- Acessar o perfil do negócio
- Alterar os dados de contato
- Salvar e revisar as informações

📌 Série: Primeiros Passos no StudiosBook
Continue assistindo aos tutoriais desta playlist para dominar o StudiosBook e transformar sua rotina em um processo mais organizado.

Inscreva-se no canal e ative as notificações para acompanhar os próximos tutoriais.

StudiosBook — Seu talento em foco. Seu studio sob controle.

#StudiosBook #TutorialStudiosBook #GestãoProfissional","Quando foi a última vez que você revisou os dados públicos do seu negócio?

Conte sua experiência nos comentários. Sua dúvida também pode virar um próximo tutorial.

👉 Aplique agora no seu negócio: https://studiosbook.com.br
Teste grátis por 7 dias e continue pela playlist “Primeiros Passos no StudiosBook”.","#StudiosBook, #TutorialStudiosBook, #GestãoProfissional","StudiosBook, tutorial StudiosBook, configurar StudiosBook, sistema de gestão, aplicativo para salão, segurança de conta, gestão profissional"
"como-configurar-horarios-funcionamento","Configurações","Primeiros Passos no StudiosBook","4","Como configurar os horários de funcionamento","Horários de funcionamento","Defina os dias e horários em que seu negócio atende e organize a disponibilidade da operação.

👉 Organize seu negócio e teste o StudiosBook grátis por 7 dias:
https://studiosbook.com.br

Neste tutorial você vai aprender:
- Escolher os dias de funcionamento
- Definir horários de abertura e encerramento
- Revisar a configuração semanal

📌 Série: Primeiros Passos no StudiosBook
Continue assistindo aos tutoriais desta playlist para dominar o StudiosBook e transformar sua rotina em um processo mais organizado.

Inscreva-se no canal e ative as notificações para acompanhar os próximos tutoriais.

StudiosBook — Seu talento em foco. Seu studio sob controle.

#StudiosBook #TutorialStudiosBook #GestãoProfissional","Seu horário de funcionamento está claro para clientes e equipe?

Conte sua experiência nos comentários. Sua dúvida também pode virar um próximo tutorial.

👉 Aplique agora no seu negócio: https://studiosbook.com.br
Teste grátis por 7 dias e continue pela playlist “Primeiros Passos no StudiosBook”.","#StudiosBook, #TutorialStudiosBook, #GestãoProfissional","StudiosBook, tutorial StudiosBook, configurar StudiosBook, sistema de gestão, aplicativo para salão, segurança de conta, gestão profissional"
"como-personalizar-studiosbook","Configurações","Primeiros Passos no StudiosBook","5","Como personalizar o StudiosBook para sua rotina","Personalize o sistema","Ajuste o StudiosBook às categorias, serviços e necessidades reais do seu negócio.

👉 Organize seu negócio e teste o StudiosBook grátis por 7 dias:
https://studiosbook.com.br

Neste tutorial você vai aprender:
- Selecionar as áreas de atuação
- Revisar serviços e configurações
- Salvar um ambiente adequado à sua rotina

📌 Série: Primeiros Passos no StudiosBook
Continue assistindo aos tutoriais desta playlist para dominar o StudiosBook e transformar sua rotina em um processo mais organizado.

Inscreva-se no canal e ative as notificações para acompanhar os próximos tutoriais.

StudiosBook — Seu talento em foco. Seu studio sob controle.

#StudiosBook #TutorialStudiosBook #GestãoProfissional","Qual configuração faria o StudiosBook funcionar melhor para você?

Conte sua experiência nos comentários. Sua dúvida também pode virar um próximo tutorial.

👉 Aplique agora no seu negócio: https://studiosbook.com.br
Teste grátis por 7 dias e continue pela playlist “Primeiros Passos no StudiosBook”.","#StudiosBook, #TutorialStudiosBook, #GestãoProfissional","StudiosBook, tutorial StudiosBook, configurar StudiosBook, sistema de gestão, aplicativo para salão, segurança de conta, gestão profissional"
"como-alterar-senha","Configurações","Primeiros Passos no StudiosBook","6","Como alterar sua senha no StudiosBook com segurança","Altere sua senha","Atualize sua senha de acesso e mantenha os dados do seu negócio protegidos.

👉 Organize seu negócio e teste o StudiosBook grátis por 7 dias:
https://studiosbook.com.br

Neste tutorial você vai aprender:
- Acessar as configurações de segurança
- Definir uma nova senha forte
- Confirmar a alteração

📌 Série: Primeiros Passos no StudiosBook
Continue assistindo aos tutoriais desta playlist para dominar o StudiosBook e transformar sua rotina em um processo mais organizado.

Inscreva-se no canal e ative as notificações para acompanhar os próximos tutoriais.

StudiosBook — Seu talento em foco. Seu studio sob controle.

#StudiosBook #TutorialStudiosBook #GestãoProfissional","Você utiliza uma senha exclusiva para o StudiosBook?

Conte sua experiência nos comentários. Sua dúvida também pode virar um próximo tutorial.

👉 Aplique agora no seu negócio: https://studiosbook.com.br
Teste grátis por 7 dias e continue pela playlist “Primeiros Passos no StudiosBook”.","#StudiosBook, #TutorialStudiosBook, #GestãoProfissional","StudiosBook, tutorial StudiosBook, configurar StudiosBook, sistema de gestão, aplicativo para salão, segurança de conta, gestão profissional"
"como-recuperar-acesso","Configurações","Primeiros Passos no StudiosBook","7","Como recuperar o acesso à sua conta StudiosBook","Recupere seu acesso","Recupere o acesso à sua conta StudiosBook usando o fluxo seguro de redefinição de senha.

👉 Organize seu negócio e teste o StudiosBook grátis por 7 dias:
https://studiosbook.com.br

Neste tutorial você vai aprender:
- Solicitar a recuperação por e-mail
- Localizar a mensagem de redefinição
- Criar uma nova senha de acesso

📌 Série: Primeiros Passos no StudiosBook
Continue assistindo aos tutoriais desta playlist para dominar o StudiosBook e transformar sua rotina em um processo mais organizado.

Inscreva-se no canal e ative as notificações para acompanhar os próximos tutoriais.

StudiosBook — Seu talento em foco. Seu studio sob controle.

#StudiosBook #TutorialStudiosBook #GestãoProfissional","Você sabe onde procurar caso o e-mail de recuperação não apareça na caixa de entrada?

Conte sua experiência nos comentários. Sua dúvida também pode virar um próximo tutorial.

👉 Aplique agora no seu negócio: https://studiosbook.com.br
Teste grátis por 7 dias e continue pela playlist “Primeiros Passos no StudiosBook”.","#StudiosBook, #TutorialStudiosBook, #GestãoProfissional","StudiosBook, tutorial StudiosBook, configurar StudiosBook, sistema de gestão, aplicativo para salão, segurança de conta, gestão profissional"
"como-registrar-pagamento","Financeiro e gestão","Studio Lucrativo","1","Como registrar um pagamento no StudiosBook","Registre um pagamento","Registre pagamentos ligados aos atendimentos e mantenha seu controle financeiro mais confiável.

👉 Organize seu negócio e teste o StudiosBook grátis por 7 dias:
https://studiosbook.com.br

Neste tutorial você vai aprender:
- Selecionar o atendimento
- Informar a forma e o valor do pagamento
- Confirmar o recebimento

📌 Série: Studio Lucrativo
Continue assistindo aos tutoriais desta playlist para dominar o StudiosBook e transformar sua rotina em um processo mais organizado.

Inscreva-se no canal e ative as notificações para acompanhar os próximos tutoriais.

StudiosBook — Seu talento em foco. Seu studio sob controle.

#StudiosBook #GestãoFinanceira #StudioLucrativo","Você registra cada pagamento no momento em que recebe?

Conte sua experiência nos comentários. Sua dúvida também pode virar um próximo tutorial.

👉 Aplique agora no seu negócio: https://studiosbook.com.br
Teste grátis por 7 dias e continue pela playlist “Studio Lucrativo”.","#StudiosBook, #GestãoFinanceira, #StudioLucrativo","StudiosBook, tutorial StudiosBook, gestão financeira, faturamento do salão, controle de pagamentos, relatório de atendimentos, indicadores de negócio"
"como-acompanhar-faturamento","Financeiro e gestão","Studio Lucrativo","2","Como acompanhar o faturamento do seu negócio","Acompanhe o faturamento","Acompanhe o faturamento no StudiosBook e entenda melhor o resultado gerado pelos seus atendimentos.

👉 Organize seu negócio e teste o StudiosBook grátis por 7 dias:
https://studiosbook.com.br

Neste tutorial você vai aprender:
- Consultar receitas do período
- Comparar resultados
- Usar os dados para tomar decisões

📌 Série: Studio Lucrativo
Continue assistindo aos tutoriais desta playlist para dominar o StudiosBook e transformar sua rotina em um processo mais organizado.

Inscreva-se no canal e ative as notificações para acompanhar os próximos tutoriais.

StudiosBook — Seu talento em foco. Seu studio sob controle.

#StudiosBook #GestãoFinanceira #StudioLucrativo","Você sabe exatamente quanto seu negócio faturou neste mês?

Conte sua experiência nos comentários. Sua dúvida também pode virar um próximo tutorial.

👉 Aplique agora no seu negócio: https://studiosbook.com.br
Teste grátis por 7 dias e continue pela playlist “Studio Lucrativo”.","#StudiosBook, #GestãoFinanceira, #StudioLucrativo","StudiosBook, tutorial StudiosBook, gestão financeira, faturamento do salão, controle de pagamentos, relatório de atendimentos, indicadores de negócio"
"como-visualizar-atendimentos-realizados","Financeiro e gestão","Studio Lucrativo","3","Como consultar atendimentos realizados | StudiosBook","Atendimentos realizados","Consulte os atendimentos concluídos e encontre rapidamente informações sobre serviços, clientes e valores.

👉 Organize seu negócio e teste o StudiosBook grátis por 7 dias:
https://studiosbook.com.br

Neste tutorial você vai aprender:
- Acessar o histórico de atendimentos
- Filtrar os registros
- Revisar informações financeiras e operacionais

📌 Série: Studio Lucrativo
Continue assistindo aos tutoriais desta playlist para dominar o StudiosBook e transformar sua rotina em um processo mais organizado.

Inscreva-se no canal e ative as notificações para acompanhar os próximos tutoriais.

StudiosBook — Seu talento em foco. Seu studio sob controle.

#StudiosBook #GestãoFinanceira #StudioLucrativo","Você consegue encontrar um atendimento antigo sem procurar em várias conversas?

Conte sua experiência nos comentários. Sua dúvida também pode virar um próximo tutorial.

👉 Aplique agora no seu negócio: https://studiosbook.com.br
Teste grátis por 7 dias e continue pela playlist “Studio Lucrativo”.","#StudiosBook, #GestãoFinanceira, #StudioLucrativo","StudiosBook, tutorial StudiosBook, gestão financeira, faturamento do salão, controle de pagamentos, relatório de atendimentos, indicadores de negócio"
"como-consultar-resumo-dia","Financeiro e gestão","Studio Lucrativo","4","Como visualizar o resumo do dia no StudiosBook","Resumo do dia","Veja os principais números do dia e acompanhe agenda, atendimentos e receitas em uma única visão.

👉 Organize seu negócio e teste o StudiosBook grátis por 7 dias:
https://studiosbook.com.br

Neste tutorial você vai aprender:
- Consultar os compromissos do dia
- Acompanhar atendimentos realizados
- Revisar a movimentação diária

📌 Série: Studio Lucrativo
Continue assistindo aos tutoriais desta playlist para dominar o StudiosBook e transformar sua rotina em um processo mais organizado.

Inscreva-se no canal e ative as notificações para acompanhar os próximos tutoriais.

StudiosBook — Seu talento em foco. Seu studio sob controle.

#StudiosBook #GestãoFinanceira #StudioLucrativo","Você encerra o dia sabendo exatamente o que aconteceu no negócio?

Conte sua experiência nos comentários. Sua dúvida também pode virar um próximo tutorial.

👉 Aplique agora no seu negócio: https://studiosbook.com.br
Teste grátis por 7 dias e continue pela playlist “Studio Lucrativo”.","#StudiosBook, #GestãoFinanceira, #StudioLucrativo","StudiosBook, tutorial StudiosBook, gestão financeira, faturamento do salão, controle de pagamentos, relatório de atendimentos, indicadores de negócio"
"como-acompanhar-desempenho-negocio","Financeiro e gestão","Studio Lucrativo","5","Como analisar o desempenho do seu negócio","Desempenho do negócio","Use os relatórios do StudiosBook para acompanhar retorno de clientes, faturamento e evolução do negócio.

👉 Organize seu negócio e teste o StudiosBook grátis por 7 dias:
https://studiosbook.com.br

Neste tutorial você vai aprender:
- Interpretar os principais indicadores
- Identificar oportunidades de melhoria
- Tomar decisões com base em dados

📌 Série: Studio Lucrativo
Continue assistindo aos tutoriais desta playlist para dominar o StudiosBook e transformar sua rotina em um processo mais organizado.

Inscreva-se no canal e ative as notificações para acompanhar os próximos tutoriais.

StudiosBook — Seu talento em foco. Seu studio sob controle.

#StudiosBook #GestãoFinanceira #StudioLucrativo","Qual indicador é mais importante para o crescimento do seu negócio hoje?

Conte sua experiência nos comentários. Sua dúvida também pode virar um próximo tutorial.

👉 Aplique agora no seu negócio: https://studiosbook.com.br
Teste grátis por 7 dias e continue pela playlist “Studio Lucrativo”.","#StudiosBook, #GestãoFinanceira, #StudioLucrativo","StudiosBook, tutorial StudiosBook, gestão financeira, faturamento do salão, controle de pagamentos, relatório de atendimentos, indicadores de negócio"
